id,name,category,email,phone,address,postcode,password_hash,organisation_name,first_name,last_name
1,Oliver Turner,restaurant,oliver.turner1@example.com,447742868828,58 Church Road,BS4 9CS,hash_1,restaurant org1,Oliver,Turner
2,Jack Patel,customer,jack.patel2@example.com,447739345092,60 Victoria Street,BS20 1RG,hash_2,,Jack,Patel
3,Charlie Harris,customer,charlie.harris3@example.com,447789089901,72 High Street,BS6 7KI,hash_3,,Charlie,Harris
4,Amelia Davies,community group,amelia.davies4@example.com,447755176955,27 High Street,BS13 2LL,hash_4,community org1,Amelia,Davies
5,Thomas Evans,restaurant,thomas.evans5@example.com,447771662963,138 High Street,BS13 2RJ,hash_5,restaurant org2,Thomas,Evans
6,Thomas Walker,producer,thomas.walker6@example.com,447719335534,12 Church Road,BS10 2HD,hash_6,producer org1,Thomas,Walker
7,Grace Evans,customer,grace.evans7@example.com,447758966946,42 Park Lane,BS12 4VI,hash_7,,Grace,Evans
8,Sophie Johnson,producer,sophie.johnson8@example.com,447742857966,42 Station Road,BS13 5UW,hash_8,producer org2,Sophie,Johnson
9,Charlie Jones,producer,charlie.jones9@example.com,447717507864,59 High Street,BS11 7IC,hash_9,producer org3,Charlie,Jones
10,Ava Roberts,customer,ava.roberts10@example.com,447777005685,102 Station Road,BS5 5EH,hash_10,,Ava,Roberts
11,Charlie Evans,restaurant,charlie.evans11@example.com,447767503414,150 Station Road,BS12 4EQ,hash_11,restaurant org3,Charlie,Evans
12,Leo Williams,restaurant,leo.williams12@example.com,447724716857,40 Church Road,BS14 2MM,hash_12,restaurant org4,Leo,Williams
13,Thomas Martin,producer,thomas.martin13@example.com,447784252722,3 High Street,BS18 5YU,hash_13,producer org4,Thomas,Martin
14,Mia Smith,customer,mia.smith14@example.com,447731227574,117 High Street,BS9 9YF,hash_14,,Mia,Smith
15,Freya Smith,restaurant,freya.smith15@example.com,447750056581,164 Victoria Street,BS20 4EL,hash_15,restaurant org5,Freya,Smith
16,Noah Turner,producer,noah.turner16@example.com,447775579548,5 High Street,BS12 5HB,hash_16,producer org5,Noah,Turner
17,William Williams,customer,william.williams17@example.com,447775228535,18 Victoria Street,BS5 3VP,hash_17,,William,Williams
18,Charlie Johnson,customer,charlie.johnson18@example.com,447791415657,109 Church Road,BS18 4WJ,hash_18,,Charlie,Johnson
19,Grace Walker,customer,grace.walker19@example.com,447779467853,116 High Street,BS8 4CK,hash_19,,Grace,Walker
20,Emma Jones,producer,emma.jones20@example.com,447710965138,19 High Street,BS8 2BK,hash_20,producer org6,Emma,Jones
21,Sophie Jones,customer,sophie.jones21@example.com,447775151231,55 Victoria Street,BS5 8HZ,hash_21,,Sophie,Jones
22,Leo Harris,customer,leo.harris22@example.com,447723009833,169 Station Road,BS12 7NO,hash_22,,Leo,Harris
23,James Smith,customer,james.smith23@example.com,447755540424,28 Church Road,BS7 4RO,hash_23,,James,Smith
24,Amelia Harris,customer,amelia.harris24@example.com,447772092888,64 High Street,BS15 9DB,hash_24,,Amelia,Harris
25,Charlie Turner,community group,charlie.turner25@example.com,447741726318,43 Station Road,BS16 8GM,hash_25,community org2,Charlie,Turner
26,James Johnson,customer,james.johnson26@example.com,447762401521,68 Station Road,BS10 7WX,hash_26,,James,Johnson
27,Charlie Thompson,customer,charlie.thompson27@example.com,447749823450,56 High Street,BS19 9BX,hash_27,,Charlie,Thompson
28,Mia Patel,customer,mia.patel28@example.com,447773993471,129 Victoria Street,BS6 1QC,hash_28,,Mia,Patel
29,Noah Williams,producer,noah.williams29@example.com,447741568532,104 High Street,BS19 4ST,hash_29,producer org7,Noah,Williams
30,James Williams,customer,james.williams30@example.com,447788339168,145 Victoria Street,BS11 5GV,hash_30,,James,Williams
31,Mia Jones,customer,mia.jones31@example.com,447727566185,172 Park Lane,BS15 6YC,hash_31,,Mia,Jones
32,Emma Martin,producer,emma.martin32@example.com,447785563727,26 High Street,BS18 4QI,hash_32,producer org8,Emma,Martin
33,Amelia Walker,restaurant,amelia.walker33@example.com,447742787299,95 Park Lane,BS6 8RW,hash_33,restaurant org6,Amelia,Walker
34,George Turner,producer,george.turner34@example.com,447784437458,77 High Street,BS5 5DD,hash_34,producer org9,George,Turner
35,Charlie Brown,customer,charlie.brown35@example.com,447791178885,54 Park Lane,BS7 5QP,hash_35,,Charlie,Brown
36,Isla Patel,customer,isla.patel36@example.com,447766851377,71 High Street,BS1 6YE,hash_36,,Isla,Patel
37,Isla Johnson,restaurant,isla.johnson37@example.com,447784045292,181 Station Road,BS18 1DC,hash_37,restaurant org7,Isla,Johnson
38,Amelia Patel,restaurant,amelia.patel38@example.com,447788183110,142 Church Road,BS14 3BJ,hash_38,restaurant org8,Amelia,Patel
39,Henry Patel,restaurant,henry.patel39@example.com,447738195995,175 Church Road,BS4 6YR,hash_39,restaurant org9,Henry,Patel
40,Jack Brown,community group,jack.brown40@example.com,447741774346,42 Church Road,BS14 1FX,hash_40,community org3,Jack,Brown
41,Mia Harris,restaurant,mia.harris41@example.com,447743308443,69 Church Road,BS4 7BP,hash_41,restaurant org10,Mia,Harris
42,William Davies,restaurant,william.davies42@example.com,447771780854,90 Park Lane,BS8 4AV,hash_42,restaurant org11,William,Davies
43,Ava White,customer,ava.white43@example.com,447719317495,198 Park Lane,BS12 9MV,hash_43,,Ava,White
44,Charlie Roberts,community group,charlie.roberts44@example.com,447725480907,67 Church Road,BS19 5BD,hash_44,community org4,Charlie,Roberts
45,Thomas Harris,customer,thomas.harris45@example.com,447752101056,112 Victoria Street,BS17 2MS,hash_45,,Thomas,Harris
46,Ava Evans,customer,ava.evans46@example.com,447768526649,1 Victoria Street,BS18 4LN,hash_46,,Ava,Evans
47,Sophie Roberts,producer,sophie.roberts47@example.com,447799038359,32 Park Lane,BS17 5VN,hash_47,producer org10,Sophie,Roberts
48,Mia White,producer,mia.white48@example.com,447784411983,33 Church Road,BS14 7VX,hash_48,producer org11,Mia,White
49,Noah Taylor,customer,noah.taylor49@example.com,447710054484,78 Park Lane,BS7 7ZS,hash_49,,Noah,Taylor
50,Thomas Roberts,customer,thomas.roberts50@example.com,447769345683,173 Church Road,BS17 8ZZ,hash_50,,Thomas,Roberts
51,Noah Williams,customer,noah.williams51@example.com,447799100953,163 Victoria Street,BS11 2YH,hash_51,,Noah,Williams
52,George Jones,restaurant,george.jones52@example.com,447729777514,7 High Street,BS8 8TY,hash_52,restaurant org12,George,Jones
53,Sophie Martin,customer,sophie.martin53@example.com,447794525678,148 Church Road,BS13 8MH,hash_53,,Sophie,Martin
54,Amelia Turner,restaurant,amelia.turner54@example.com,447724305904,200 Station Road,BS8 3ZW,hash_54,restaurant org13,Amelia,Turner
55,Freya Martin,customer,freya.martin55@example.com,447743446826,32 Station Road,BS5 8VQ,hash_55,,Freya,Martin
56,Charlie Roberts,community group,charlie.roberts56@example.com,447769401199,157 Victoria Street,BS14 9OF,hash_56,community org5,Charlie,Roberts
57,Leo Martin,customer,leo.martin57@example.com,447743183955,164 Park Lane,BS17 8UH,hash_57,,Leo,Martin
58,Isla Martin,customer,isla.martin58@example.com,447748349783,61 Park Lane,BS11 6RC,hash_58,,Isla,Martin
59,Amelia Brown,customer,amelia.brown59@example.com,447730509175,181 Church Road,BS3 7NK,hash_59,,Amelia,Brown
60,Charlie Martin,customer,charlie.martin60@example.com,447737760841,108 Station Road,BS19 1YS,hash_60,,Charlie,Martin
61,Grace Thompson,customer,grace.thompson61@example.com,447757212267,77 Station Road,BS14 9XX,hash_61,,Grace,Thompson
62,Charlie Jones,customer,charlie.jones62@example.com,447746632757,112 Station Road,BS1 7KV,hash_62,,Charlie,Jones
63,Grace Johnson,restaurant,grace.johnson63@example.com,447727129912,160 Victoria Street,BS1 7SS,hash_63,restaurant org14,Grace,Johnson
64,Emma Williams,producer,emma.williams64@example.com,447728213276,119 Church Road,BS2 5MK,hash_64,producer org12,Emma,Williams
65,Ava Martin,customer,ava.martin65@example.com,447760885459,72 Station Road,BS9 2PA,hash_65,,Ava,Martin
66,Charlie Patel,community group,charlie.patel66@example.com,447756970882,58 High Street,BS2 1HG,hash_66,community org6,Charlie,Patel
67,Emma Brown,customer,emma.brown67@example.com,447773560289,172 High Street,BS19 4OW,hash_67,,Emma,Brown
68,Isla Walker,customer,isla.walker68@example.com,447791503378,192 High Street,BS6 5DS,hash_68,,Isla,Walker
69,Emma Taylor,producer,emma.taylor69@example.com,447760372847,102 Church Road,BS3 4DW,hash_69,producer org13,Emma,Taylor
70,George Smith,restaurant,george.smith70@example.com,447785958181,11 Park Lane,BS18 7VL,hash_70,restaurant org15,George,Smith
71,Sophie Roberts,customer,sophie.roberts71@example.com,447766379329,126 High Street,BS14 6UO,hash_71,,Sophie,Roberts
72,Amelia Harris,customer,amelia.harris72@example.com,447780027662,167 Park Lane,BS20 9YP,hash_72,,Amelia,Harris
73,Ella Harris,restaurant,ella.harris73@example.com,447789520597,69 Park Lane,BS8 2IO,hash_73,restaurant org16,Ella,Harris
74,William Martin,producer,william.martin74@example.com,447799682738,98 Park Lane,BS1 8KF,hash_74,producer org14,William,Martin
75,Leo Davies,customer,leo.davies75@example.com,447744675473,88 Park Lane,BS20 5RA,hash_75,,Leo,Davies
76,Freya Davies,customer,freya.davies76@example.com,447764549859,126 Victoria Street,BS8 8UW,hash_76,,Freya,Davies
77,Leo Martin,restaurant,leo.martin77@example.com,447722489409,76 Church Road,BS13 4JV,hash_77,restaurant org17,Leo,Martin
78,Lily Walker,customer,lily.walker78@example.com,447781259135,89 Station Road,BS18 6LW,hash_78,,Lily,Walker
79,Ella Evans,customer,ella.evans79@example.com,447740942292,31 Church Road,BS11 2XR,hash_79,,Ella,Evans
80,Noah Davies,customer,noah.davies80@example.com,447774988034,71 Victoria Street,BS17 5DG,hash_80,,Noah,Davies
81,George Jones,customer,george.jones81@example.com,447750569669,4 Victoria Street,BS5 5BB,hash_81,,George,Jones
82,Charlie Taylor,producer,charlie.taylor82@example.com,447726948946,164 Station Road,BS4 1SJ,hash_82,producer org15,Charlie,Taylor
83,Leo Thompson,customer,leo.thompson83@example.com,447734744872,14 Park Lane,BS16 2CM,hash_83,,Leo,Thompson
84,Leo Williams,producer,leo.williams84@example.com,447717195288,39 Church Road,BS19 5CH,hash_84,producer org16,Leo,Williams
85,Oliver Harris,producer,oliver.harris85@example.com,447793002706,58 Victoria Street,BS13 8OJ,hash_85,producer org17,Oliver,Harris
86,Lily Harris,customer,lily.harris86@example.com,447793352876,16 Victoria Street,BS4 4UG,hash_86,,Lily,Harris
87,Isla Williams,customer,isla.williams87@example.com,447733328859,142 High Street,BS6 1NO,hash_87,,Isla,Williams
88,Thomas Thompson,customer,thomas.thompson88@example.com,447741068214,74 Park Lane,BS15 2VH,hash_88,,Thomas,Thompson
89,Isla Davies,customer,isla.davies89@example.com,447783089925,58 Church Road,BS9 3CB,hash_89,,Isla,Davies
90,Noah Taylor,producer,noah.taylor90@example.com,447786397676,74 Station Road,BS4 8WJ,hash_90,producer org18,Noah,Taylor
91,Grace Evans,producer,grace.evans91@example.com,447776276072,113 High Street,BS20 1NX,hash_91,producer org19,Grace,Evans
92,Mia Evans,customer,mia.evans92@example.com,447740725714,173 Victoria Street,BS19 1YV,hash_92,,Mia,Evans
93,Isla Patel,restaurant,isla.patel93@example.com,447733513701,121 Victoria Street,BS15 5FS,hash_93,restaurant org18,Isla,Patel
94,Jack Thompson,community group,jack.thompson94@example.com,447773083727,90 Station Road,BS11 6VD,hash_94,community org7,Jack,Thompson
95,Noah Roberts,customer,noah.roberts95@example.com,447776500726,74 Station Road,BS18 1OC,hash_95,,Noah,Roberts
96,Mia Evans,customer,mia.evans96@example.com,447764247457,132 High Street,BS18 8NB,hash_96,,Mia,Evans
97,Ava Walker,producer,ava.walker97@example.com,447776906611,161 Station Road,BS2 4IR,hash_97,producer org20,Ava,Walker
98,Amelia Taylor,customer,amelia.taylor98@example.com,447775056916,32 High Street,BS20 4WF,hash_98,,Amelia,Taylor
99,George Turner,producer,george.turner99@example.com,447722510327,58 High Street,BS15 2UE,hash_99,producer org21,George,Turner
100,Leo Taylor,producer,leo.taylor100@example.com,447746698468,107 Station Road,BS16 4OR,hash_100,producer org22,Leo,Taylor
101,Amelia White,customer,amelia.white101@example.com,447790447099,131 Church Road,BS3 5YZ,hash_101,,Amelia,White
102,Jack Roberts,community group,jack.roberts102@example.com,447778147397,69 High Street,BS10 5SS,hash_102,community org8,Jack,Roberts
103,Leo Brown,customer,leo.brown103@example.com,447775007200,89 Park Lane,BS18 9MO,hash_103,,Leo,Brown
104,Mia Davies,community group,mia.davies104@example.com,447742051937,147 Station Road,BS8 7BK,hash_104,community org9,Mia,Davies
105,Leo White,customer,leo.white105@example.com,447799078806,167 Church Road,BS16 1EQ,hash_105,,Leo,White
106,Lily Roberts,restaurant,lily.roberts106@example.com,447769096899,26 Victoria Street,BS15 1XE,hash_106,restaurant org19,Lily,Roberts
107,Jack Brown,customer,jack.brown107@example.com,447745570755,87 Victoria Street,BS13 2KV,hash_107,,Jack,Brown
108,Charlie White,community group,charlie.white108@example.com,447794127561,184 Station Road,BS18 1TC,hash_108,community org10,Charlie,White
109,William Taylor,community group,william.taylor109@example.com,447722130508,112 High Street,BS4 8FW,hash_109,community org11,William,Taylor
110,George Turner,customer,george.turner110@example.com,447717532195,76 Park Lane,BS12 7EH,hash_110,,George,Turner
111,Freya Harris,producer,freya.harris111@example.com,447734166826,44 Church Road,BS3 7TV,hash_111,producer org23,Freya,Harris
112,William Thompson,community group,william.thompson112@example.com,447729208935,60 Station Road,BS9 8IV,hash_112,community org12,William,Thompson
113,Emma Martin,community group,emma.martin113@example.com,447783363160,41 High Street,BS15 6SJ,hash_113,community org13,Emma,Martin
114,Jack Evans,customer,jack.evans114@example.com,447750550084,51 Station Road,BS16 2HM,hash_114,,Jack,Evans
115,Lily Walker,producer,lily.walker115@example.com,447749625201,6 Station Road,BS9 1SV,hash_115,producer org24,Lily,Walker
116,James Thompson,restaurant,james.thompson116@example.com,447748412328,199 Church Road,BS20 6HU,hash_116,restaurant org20,James,Thompson
117,Ava Evans,producer,ava.evans117@example.com,447798473848,175 Church Road,BS4 1JZ,hash_117,producer org25,Ava,Evans
118,Ella Patel,producer,ella.patel118@example.com,447727637794,24 Park Lane,BS11 7FG,hash_118,producer org26,Ella,Patel
119,Amelia Walker,producer,amelia.walker119@example.com,447746578001,43 Park Lane,BS16 5XK,hash_119,producer org27,Amelia,Walker
120,Oliver Martin,community group,oliver.martin120@example.com,447728892086,194 Church Road,BS13 9LC,hash_120,community org14,Oliver,Martin
121,Grace Turner,customer,grace.turner121@example.com,447726587799,117 Park Lane,BS9 7UL,hash_121,,Grace,Turner
122,Oliver Jones,customer,oliver.jones122@example.com,447793154172,144 Park Lane,BS20 4UC,hash_122,,Oliver,Jones
123,Ella Taylor,producer,ella.taylor123@example.com,447725659979,36 High Street,BS2 5PD,hash_123,producer org28,Ella,Taylor
124,Oliver Jones,restaurant,oliver.jones124@example.com,447728208520,100 Station Road,BS12 9NS,hash_124,restaurant org21,Oliver,Jones
125,Amelia Harris,producer,amelia.harris125@example.com,447775679047,158 Station Road,BS9 1WL,hash_125,producer org29,Amelia,Harris
126,Ava Martin,customer,ava.martin126@example.com,447741690501,93 High Street,BS12 9UL,hash_126,,Ava,Martin
127,James White,customer,james.white127@example.com,447726395999,117 High Street,BS7 1BZ,hash_127,,James,White
128,Mia Jones,community group,mia.jones128@example.com,447785776373,53 High Street,BS18 4SG,hash_128,community org15,Mia,Jones
129,William Roberts,restaurant,william.roberts129@example.com,447789991301,1 Park Lane,BS5 3RI,hash_129,restaurant org22,William,Roberts
130,Noah Smith,producer,noah.smith130@example.com,447713460153,34 High Street,BS12 4SK,hash_130,producer org30,Noah,Smith
131,Emma Johnson,customer,emma.johnson131@example.com,447727013243,190 Station Road,BS17 2XC,hash_131,,Emma,Johnson
132,Leo Martin,restaurant,leo.martin132@example.com,447778885632,152 High Street,BS15 9HT,hash_132,restaurant org23,Leo,Martin
133,James Taylor,customer,james.taylor133@example.com,447714180968,16 Station Road,BS13 7VD,hash_133,,James,Taylor
134,Leo Martin,customer,leo.martin134@example.com,447720843514,83 Victoria Street,BS5 2EI,hash_134,,Leo,Martin
135,Thomas Roberts,customer,thomas.roberts135@example.com,447790180577,136 Park Lane,BS15 9TN,hash_135,,Thomas,Roberts
136,Oliver Smith,restaurant,oliver.smith136@example.com,447797364555,197 Victoria Street,BS7 7OH,hash_136,restaurant org24,Oliver,Smith
137,Jack Roberts,restaurant,jack.roberts137@example.com,447763516659,107 High Street,BS11 7KV,hash_137,restaurant org25,Jack,Roberts
138,Isla Walker,community group,isla.walker138@example.com,447773655158,18 High Street,BS3 2ND,hash_138,community org16,Isla,Walker
139,Henry Brown,producer,henry.brown139@example.com,447788714010,144 Victoria Street,BS11 2NL,hash_139,producer org31,Henry,Brown
140,Jack Patel,community group,jack.patel140@example.com,447790585678,80 Park Lane,BS4 9GE,hash_140,community org17,Jack,Patel
141,Leo Jones,restaurant,leo.jones141@example.com,447756991504,143 Park Lane,BS4 5SH,hash_141,restaurant org26,Leo,Jones
142,Jack Turner,producer,jack.turner142@example.com,447798292612,178 Park Lane,BS1 3IW,hash_142,producer org32,Jack,Turner
143,George Roberts,customer,george.roberts143@example.com,447734347841,37 Victoria Street,BS13 2EX,hash_143,,George,Roberts
144,Emma Williams,restaurant,emma.williams144@example.com,447738874646,97 Station Road,BS15 6FL,hash_144,restaurant org27,Emma,Williams
145,George Roberts,restaurant,george.roberts145@example.com,447786181117,153 High Street,BS2 3FY,hash_145,restaurant org28,George,Roberts
146,Thomas Patel,producer,thomas.patel146@example.com,447746521025,114 Station Road,BS16 8NI,hash_146,producer org33,Thomas,Patel
147,Ava Smith,customer,ava.smith147@example.com,447724883373,73 Victoria Street,BS16 9VJ,hash_147,,Ava,Smith
148,James Jones,customer,james.jones148@example.com,447790440034,15 High Street,BS7 5GY,hash_148,,James,Jones
149,Amelia Evans,customer,amelia.evans149@example.com,447726104026,2 Station Road,BS14 3EM,hash_149,,Amelia,Evans
150,Charlie Jones,producer,charlie.jones150@example.com,447799663907,91 High Street,BS13 1NA,hash_150,producer org34,Charlie,Jones
151,Ella Williams,restaurant,ella.williams151@example.com,447787277086,110 Victoria Street,BS13 7JD,hash_151,restaurant org29,Ella,Williams
152,Grace Turner,community group,grace.turner152@example.com,447733068427,159 Station Road,BS12 2ND,hash_152,community org18,Grace,Turner
153,William Harris,producer,william.harris153@example.com,447780325062,21 Station Road,BS10 6HK,hash_153,producer org35,William,Harris
154,Noah Williams,producer,noah.williams154@example.com,447725304396,136 Victoria Street,BS7 6LX,hash_154,producer org36,Noah,Williams
155,Amelia Jones,customer,amelia.jones155@example.com,447744355473,51 Church Road,BS20 3YY,hash_155,,Amelia,Jones
156,Sophie Johnson,community group,sophie.johnson156@example.com,447794281857,127 Station Road,BS19 8VS,hash_156,community org19,Sophie,Johnson
157,Thomas Roberts,restaurant,thomas.roberts157@example.com,447794183695,81 Church Road,BS15 2PO,hash_157,restaurant org30,Thomas,Roberts
158,George Evans,producer,george.evans158@example.com,447757236885,130 High Street,BS10 8OB,hash_158,producer org37,George,Evans
159,James Walker,restaurant,james.walker159@example.com,447720298660,166 High Street,BS20 9MO,hash_159,restaurant org31,James,Walker
160,Lily Patel,customer,lily.patel160@example.com,447786726461,167 Church Road,BS11 8QE,hash_160,,Lily,Patel
161,James Martin,customer,james.martin161@example.com,447756095437,183 High Street,BS17 3BH,hash_161,,James,Martin
162,Ella Martin,producer,ella.martin162@example.com,447791846696,41 Park Lane,BS12 5MN,hash_162,producer org38,Ella,Martin
163,Mia Patel,restaurant,mia.patel163@example.com,447796879854,86 High Street,BS11 2RV,hash_163,restaurant org32,Mia,Patel
164,Grace Taylor,customer,grace.taylor164@example.com,447798122539,155 Church Road,BS11 2SV,hash_164,,Grace,Taylor
165,Amelia Walker,customer,amelia.walker165@example.com,447798054173,179 Station Road,BS5 2JR,hash_165,,Amelia,Walker
166,Grace Roberts,restaurant,grace.roberts166@example.com,447799941500,180 Victoria Street,BS3 7QL,hash_166,restaurant org33,Grace,Roberts
167,Emma Walker,customer,emma.walker167@example.com,447738748452,88 Station Road,BS7 4EE,hash_167,,Emma,Walker
168,Sophie Taylor,restaurant,sophie.taylor168@example.com,447723574883,130 Victoria Street,BS17 1VK,hash_168,restaurant org34,Sophie,Taylor
169,Thomas Brown,producer,thomas.brown169@example.com,447730703455,42 Church Road,BS20 3XO,hash_169,producer org39,Thomas,Brown
170,James Harris,customer,james.harris170@example.com,447741880763,114 Victoria Street,BS10 8HR,hash_170,,James,Harris
171,William Taylor,community group,william.taylor171@example.com,447772950208,50 Park Lane,BS19 8OY,hash_171,community org20,William,Taylor
172,George White,producer,george.white172@example.com,447766191704,42 Church Road,BS20 3IB,hash_172,producer org40,George,White
173,Leo Walker,producer,leo.walker173@example.com,447723769360,183 Victoria Street,BS4 5CY,hash_173,producer org41,Leo,Walker
174,Noah Evans,customer,noah.evans174@example.com,447778901038,38 Station Road,BS3 4OL,hash_174,,Noah,Evans
175,Emma Harris,customer,emma.harris175@example.com,447777378254,96 Church Road,BS13 2LH,hash_175,,Emma,Harris
176,Emma Roberts,community group,emma.roberts176@example.com,447797236246,86 Church Road,BS5 1JP,hash_176,community org21,Emma,Roberts
177,Amelia Thompson,customer,amelia.thompson177@example.com,447710704803,21 High Street,BS9 4ER,hash_177,,Amelia,Thompson
178,Thomas Harris,customer,thomas.harris178@example.com,447748668339,61 Park Lane,BS4 1HN,hash_178,,Thomas,Harris
179,Thomas Martin,customer,thomas.martin179@example.com,447777085942,153 Victoria Street,BS1 9SH,hash_179,,Thomas,Martin
180,Amelia Taylor,customer,amelia.taylor180@example.com,447792518345,91 Church Road,BS19 7FV,hash_180,,Amelia,Taylor
181,Sophie Walker,customer,sophie.walker181@example.com,447780606503,140 Victoria Street,BS17 9AM,hash_181,,Sophie,Walker
182,Leo Patel,producer,leo.patel182@example.com,447760103798,65 High Street,BS12 2LH,hash_182,producer org42,Leo,Patel
183,Oliver Roberts,customer,oliver.roberts183@example.com,447757284777,140 Park Lane,BS6 8WP,hash_183,,Oliver,Roberts
184,Noah Brown,customer,noah.brown184@example.com,447771428713,10 Park Lane,BS7 1ZG,hash_184,,Noah,Brown
185,James Roberts,community group,james.roberts185@example.com,447779173614,102 Victoria Street,BS16 5BY,hash_185,community org22,James,Roberts
186,Ava Taylor,customer,ava.taylor186@example.com,447716416148,168 Park Lane,BS9 2ZL,hash_186,,Ava,Taylor
187,Jack White,restaurant,jack.white187@example.com,447761894582,87 Church Road,BS16 8LZ,hash_187,restaurant org35,Jack,White
188,Freya Evans,restaurant,freya.evans188@example.com,447766975380,21 Station Road,BS20 3RJ,hash_188,restaurant org36,Freya,Evans
189,Mia Smith,customer,mia.smith189@example.com,447798707076,76 Park Lane,BS15 7FW,hash_189,,Mia,Smith
190,Ella Walker,customer,ella.walker190@example.com,447757319709,158 Station Road,BS9 1CV,hash_190,,Ella,Walker
191,Grace Walker,producer,grace.walker191@example.com,447731473054,8 Church Road,BS20 8BE,hash_191,producer org43,Grace,Walker
192,Sophie Jones,restaurant,sophie.jones192@example.com,447759167775,93 Station Road,BS19 1TE,hash_192,restaurant org37,Sophie,Jones
193,Ella Walker,customer,ella.walker193@example.com,447720319387,147 Church Road,BS17 6MK,hash_193,,Ella,Walker
194,Isla Jones,community group,isla.jones194@example.com,447713478029,189 Church Road,BS16 9MR,hash_194,community org23,Isla,Jones
195,Oliver Evans,restaurant,oliver.evans195@example.com,447769897763,55 Victoria Street,BS10 8GD,hash_195,restaurant org38,Oliver,Evans
196,Amelia Williams,customer,amelia.williams196@example.com,447769741812,23 Park Lane,BS12 2RR,hash_196,,Amelia,Williams
197,George Taylor,restaurant,george.taylor197@example.com,447795590648,45 Park Lane,BS17 4DG,hash_197,restaurant org39,George,Taylor
198,Amelia Jones,restaurant,amelia.jones198@example.com,447713527782,93 Victoria Street,BS19 6OZ,hash_198,restaurant org40,Amelia,Jones
199,Charlie Brown,producer,charlie.brown199@example.com,447721571646,17 Park Lane,BS13 8QN,hash_199,producer org44,Charlie,Brown
200,Jack Williams,customer,jack.williams200@example.com,447752550733,165 High Street,BS15 8VQ,hash_200,,Jack,Williams
