id,name,category,email,phone,address,postcode,password_hash,organisation_name,first_name,last_name
1,Oliver Turner,restaurant,oliver.turner1@example.com,447742868828,58 Church Road,BS1 4DJ,hash_1,The Rustic Spoon,Oliver,Turner
2,Jack Patel,customer,jack.patel2@example.com,447739345092,60 Victoria Street,BS1 5TL,hash_2,,Jack,Patel
3,Charlie Harris,customer,charlie.harris3@example.com,447789089901,72 High Street,BS1 6QF,hash_3,,Charlie,Harris
4,Amelia Davies,community group,amelia.davies4@example.com,447755176955,27 High Street,BS1 4QA,hash_4,Community Garden,Amelia,Davies
5,Thomas Evans,restaurant,thomas.evans5@example.com,447771662963,138 High Street,BS1 5TR,hash_5,The Taco Stand,Thomas,Evans
6,Thomas Walker,producer,thomas.walker6@example.com,447719335534,12 Church Road,BS1 6XD,hash_6,Sunrise Organics,Thomas,Walker
7,Grace Evans,customer,grace.evans7@example.com,447758966946,42 Park Lane,BS1 3AG,hash_7,,Grace,Evans
8,Sophie Johnson,producer,sophie.johnson8@example.com,447742857966,42 Station Road,BS1 2PH,hash_8,Blue Ribbon Bakery,Sophie,Johnson
9,Charlie Jones,producer,charlie.jones9@example.com,447717507864,59 High Street,BS1 1HT,hash_9,Meadowland Apiaries,Charlie,Jones
10,Ava Roberts,customer,ava.roberts10@example.com,447777005685,102 Station Road,BS1 5UH,hash_10,,Ava,Roberts
11,Charlie Evans,restaurant,charlie.evans11@example.com,447767503414,150 Station Road,BS1 6DZ,hash_11,The Pizzeria,Charlie,Evans
12,Leo Williams,restaurant,leo.williams12@example.com,447724716857,40 Church Road,BS1 4DA,hash_12,The Bar & Grill,Leo,Williams
13,Thomas Martin,producer,thomas.martin13@example.com,447784252722,3 High Street,BS1 3XB,hash_13,Oakwood Meats,Thomas,Martin
14,Mia Smith,customer,mia.smith14@example.com,447731227574,117 High Street,BS1 5PU,hash_14,,Mia,Smith
15,Freya Smith,restaurant,freya.smith15@example.com,447750056581,164 Victoria Street,BS1 6UA,hash_15,Olive Branch,Freya,Smith
16,Noah Turner,producer,noah.turner16@example.com,447775579548,5 High Street,BS1 4EF,hash_16,Crystal Clear Waters,Noah,Turner
17,William Williams,customer,william.williams17@example.com,447775228535,18 Victoria Street,BS1 5LH,hash_17,,William,Williams
18,Charlie Johnson,customer,charlie.johnson18@example.com,447791415657,109 Church Road,BS1 6BX,hash_18,,Charlie,Johnson
19,Grace Walker,customer,grace.walker19@example.com,447779467853,116 High Street,BS1 4ED,hash_19,,Grace,Walker
20,Emma Jones,producer,emma.jones20@example.com,447710965138,19 High Street,BS1 5TY,hash_20,Ironwood Forge,Emma,Jones
21,Sophie Jones,customer,sophie.jones21@example.com,447775151231,55 Victoria Street,BS2 0HQ,hash_21,,Sophie,Jones
22,Leo Harris,customer,leo.harris22@example.com,447723009833,169 Station Road,BS2 0BA,hash_22,,Leo,Harris
23,James Smith,customer,james.smith23@example.com,447755540424,28 Church Road,BS2 0BZ,hash_23,,James,Smith
24,Amelia Harris,customer,amelia.harris24@example.com,447772092888,64 High Street,BS2 0DY,hash_24,,Amelia,Harris
25,Charlie Turner,community group,charlie.turner25@example.com,447741726318,43 Station Road,BS2 0QD,hash_25,The Shared Plate,Charlie,Turner
26,James Johnson,customer,james.johnson26@example.com,447762401521,68 Station Road,BS2 8UA,hash_26,,James,Johnson
27,Charlie Thompson,customer,charlie.thompson27@example.com,447749823450,56 High Street,BS2 8XJ,hash_27,,Charlie,Thompson
28,Mia Patel,customer,mia.patel28@example.com,447773993471,129 Victoria Street,BS2 8HL,hash_28,,Mia,Patel
29,Noah Williams,producer,noah.williams29@example.com,447741568532,104 High Street,BS2 8BA,hash_29,Sunny Side Produce,Noah,Williams
30,James Williams,customer,james.williams30@example.com,447788339168,145 Victoria Street,BS2 8DT,hash_30,,James,Williams
31,Mia Jones,customer,mia.jones31@example.com,447727566185,172 Park Lane,BS2 0EZ,hash_31,,Mia,Jones
32,Emma Martin,producer,emma.martin32@example.com,447785563727,26 High Street,BS2 0TB,hash_32,Thistle & Thorn Farm,Emma,Martin
33,Amelia Walker,restaurant,amelia.walker33@example.com,447742787299,95 Park Lane,BS2 0TZ,hash_33,The Whispering Willow,Amelia,Walker
34,George Turner,producer,george.turner34@example.com,447784437458,77 High Street,BS2 0FD,hash_34,Rolling Hills Produce,George,Turner
35,Charlie Brown,customer,charlie.brown35@example.com,447791178885,54 Park Lane,BS2 8YB,hash_35,,Charlie,Brown
36,Isla Patel,customer,isla.patel36@example.com,447766851377,71 High Street,BS2 8TP,hash_36,,Isla,Patel
37,Isla Johnson,restaurant,isla.johnson37@example.com,447784045292,181 Station Road,BS2 8XE,hash_37,The Laughing Gull,Isla,Johnson
38,Amelia Patel,restaurant,amelia.patel38@example.com,447788183110,142 Church Road,BS2 8QH,hash_38,The Flying Pig,Amelia,Patel
39,Henry Patel,restaurant,henry.patel39@example.com,447738195995,175 Church Road,BS2 8NL,hash_39,The Bakery,Henry,Patel
40,Jack Brown,community group,jack.brown40@example.com,447741774346,42 Church Road,BS2 8BP,hash_40,The People's Pantry,Jack,Brown
41,Mia Harris,restaurant,mia.harris41@example.com,447743308443,69 Church Road,BS3 1AA,hash_41,The Velvet Rose,Mia,Harris
42,William Davies,restaurant,william.davies42@example.com,447771780854,90 Park Lane,BS3 1AH,hash_42,The Green Leaf,William,Davies
43,Ava White,customer,ava.white43@example.com,447719317495,198 Park Lane,BS3 2JX,hash_43,,Ava,White
44,Charlie Roberts,community group,charlie.roberts44@example.com,447725480907,67 Church Road,BS3 1AE,hash_44,Feeding Bristol,Charlie,Roberts
45,Thomas Harris,customer,thomas.harris45@example.com,447752101056,112 Victoria Street,BS3 2NS,hash_45,,Thomas,Harris
46,Ava Evans,customer,ava.evans46@example.com,447768526649,1 Victoria Street,BS3 1AG,hash_46,,Ava,Evans
47,Sophie Roberts,producer,sophie.roberts47@example.com,447799038359,32 Park Lane,BS3 1AJ,hash_47,Hidden Creek Farm,Sophie,Roberts
48,Mia White,producer,mia.white48@example.com,447784411983,33 Church Road,BS3 1AL,hash_48,Hilltop Orchard,Mia,White
49,Noah Taylor,customer,noah.taylor49@example.com,447710054484,78 Park Lane,BS3 2BX,hash_49,,Noah,Taylor
50,Thomas Roberts,customer,thomas.roberts50@example.com,447769345683,173 Church Road,BS3 1AP,hash_50,,Thomas,Roberts
51,Noah Williams,customer,noah.williams51@example.com,447799100953,163 Victoria Street,BS3 1AQ,hash_51,,Noah,Williams
52,George Jones,restaurant,george.jones52@example.com,447729777514,7 High Street,BS3 1AR,hash_52,Midnight Cafe,George,Jones
53,Sophie Martin,customer,sophie.martin53@example.com,447794525678,148 Church Road,BS3 1AS,hash_53,,Sophie,Martin
54,Amelia Turner,restaurant,amelia.turner54@example.com,447724305904,200 Station Road,BS3 1AT,hash_54,The Roasting Post,Amelia,Turner
55,Freya Martin,customer,freya.martin55@example.com,447743446826,32 Station Road,BS3 1AU,hash_55,,Freya,Martin
56,Charlie Roberts,community group,charlie.roberts56@example.com,447769401199,157 Victoria Street,BS3 1AW,hash_56,Bristol Soup Run,Charlie,Roberts
57,Leo Martin,customer,leo.martin57@example.com,447743183955,164 Park Lane,BS3 1AX,hash_57,,Leo,Martin
58,Isla Martin,customer,isla.martin58@example.com,447748349783,61 Park Lane,BS3 2SU,hash_58,,Isla,Martin
59,Amelia Brown,customer,amelia.brown59@example.com,447730509175,181 Church Road,BS3 1AZ,hash_59,,Amelia,Brown
60,Charlie Martin,customer,charlie.martin60@example.com,447737760841,108 Station Road,BS4 1AB,hash_60,,Charlie,Martin
61,Grace Thompson,customer,grace.thompson61@example.com,447757212267,77 Station Road,BS4 1AD,hash_61,,Grace,Thompson
62,Charlie Jones,customer,charlie.jones62@example.com,447746632757,112 Station Road,BS4 1AE,hash_62,,Charlie,Jones
63,Grace Johnson,restaurant,grace.johnson63@example.com,447727129912,160 Victoria Street,BS4 1AF,hash_63,Saffron & Salt,Grace,Johnson
64,Emma Williams,producer,emma.williams64@example.com,447728213276,119 Church Road,BS4 1AG,hash_64,Brookside Gardens,Emma,Williams
65,Ava Martin,customer,ava.martin65@example.com,447760885459,72 Station Road,BS4 1AH,hash_65,,Ava,Martin
66,Charlie Patel,community group,charlie.patel66@example.com,447756970882,58 High Street,BS4 1AJ,hash_66,Compassion Food Hub,Charlie,Patel
67,Emma Brown,customer,emma.brown67@example.com,447773560289,172 High Street,BS4 1AL,hash_67,,Emma,Brown
68,Isla Walker,customer,isla.walker68@example.com,447791503378,192 High Street,BS4 1AN,hash_68,,Isla,Walker
69,Emma Taylor,producer,emma.taylor69@example.com,447760372847,102 Church Road,BS4 1AP,hash_69,Harvest Moon Organics,Emma,Taylor
70,George Smith,restaurant,george.smith70@example.com,447785958181,11 Park Lane,BS4 1AQ,hash_70,The Salad Bowl,George,Smith
71,Sophie Roberts,customer,sophie.roberts71@example.com,447766379329,126 High Street,BS4 3QB,hash_71,,Sophie,Roberts
72,Amelia Harris,customer,amelia.harris72@example.com,447780027662,167 Park Lane,BS4 1AS,hash_72,,Amelia,Harris
73,Ella Harris,restaurant,ella.harris73@example.com,447789520597,69 Park Lane,BS4 1AT,hash_73,The Club,Ella,Harris
74,William Martin,producer,william.martin74@example.com,447799682738,98 Park Lane,BS4 1AU,hash_74,Fair Share Organics,William,Martin
75,Leo Davies,customer,leo.davies75@example.com,447744675473,88 Park Lane,BS4 1AW,hash_75,,Leo,Davies
76,Freya Davies,customer,freya.davies76@example.com,447764549859,126 Victoria Street,BS4 1AX,hash_76,,Freya,Davies
77,Leo Martin,restaurant,leo.martin77@example.com,447722489409,76 Church Road,BS4 1AY,hash_77,The Silver Fork,Leo,Martin
78,Lily Walker,customer,lily.walker78@example.com,447781259135,89 Station Road,BS4 1AZ,hash_78,,Lily,Walker
79,Ella Evans,customer,ella.evans79@example.com,447740942292,31 Church Road,BS5 0AA,hash_79,,Ella,Evans
80,Noah Davies,customer,noah.davies80@example.com,447774988034,71 Victoria Street,BS5 5GY,hash_80,,Noah,Davies
81,George Jones,customer,george.jones81@example.com,447750569669,4 Victoria Street,BS5 5GU,hash_81,,George,Jones
82,Charlie Taylor,producer,charlie.taylor82@example.com,447726948946,164 Station Road,BS5 0AE,hash_82,Hearthstone Farm,Charlie,Taylor
83,Leo Thompson,customer,leo.thompson83@example.com,447734744872,14 Park Lane,BS5 0AF,hash_83,,Leo,Thompson
84,Leo Williams,producer,leo.williams84@example.com,447717195288,39 Church Road,BS5 0AG,hash_84,Quiet Valley Farm,Leo,Williams
85,Oliver Harris,producer,oliver.harris85@example.com,447793002706,58 Victoria Street,BS5 0AH,hash_85,Silver Leaf Botanicals,Oliver,Harris
86,Lily Harris,customer,lily.harris86@example.com,447793352876,16 Victoria Street,BS5 5DT,hash_86,,Lily,Harris
87,Isla Williams,customer,isla.williams87@example.com,447733328859,142 High Street,BS5 0AL,hash_87,,Isla,Williams
88,Thomas Thompson,customer,thomas.thompson88@example.com,447741068214,74 Park Lane,BS5 0AN,hash_88,,Thomas,Thompson
89,Isla Davies,customer,isla.davies89@example.com,447783089925,58 Church Road,BS5 0AP,hash_89,,Isla,Davies
90,Noah Taylor,producer,noah.taylor90@example.com,447786397676,74 Station Road,BS5 5JE,hash_90,Clear Creek Dairy,Noah,Taylor
91,Grace Evans,producer,grace.evans91@example.com,447776276072,113 High Street,BS5 0AR,hash_91,Sweetgrass Farms,Grace,Evans
92,Mia Evans,customer,mia.evans92@example.com,447740725714,173 Victoria Street,BS5 0AS,hash_92,,Mia,Evans
93,Isla Patel,restaurant,isla.patel93@example.com,447733513701,121 Victoria Street,BS5 0AT,hash_93,The Tea Room,Isla,Patel
94,Jack Thompson,community group,jack.thompson94@example.com,447773083727,90 Station Road,BS5 6XX,hash_94,Helping Hands Bristol,Jack,Thompson
95,Noah Roberts,customer,noah.roberts95@example.com,447776500726,74 Station Road,BS5 0AW,hash_95,,Noah,Roberts
96,Mia Evans,customer,mia.evans96@example.com,447764247457,132 High Street,BS5 0AX,hash_96,,Mia,Evans
97,Ava Walker,producer,ava.walker97@example.com,447776906611,161 Station Road,BS5 0AY,hash_97,High Weald Dairy,Ava,Walker
98,Amelia Taylor,customer,amelia.taylor98@example.com,447775056916,32 High Street,BS5 0AZ,hash_98,,Amelia,Taylor
99,George Turner,producer,george.turner99@example.com,447722510327,58 High Street,BS6 5AA,hash_99,Bright Sky Growers,George,Turner
100,Leo Taylor,producer,leo.taylor100@example.com,447746698468,107 Station Road,BS6 5AB,hash_100,Pine Ridge Growers,Leo,Taylor
101,Amelia White,customer,amelia.white101@example.com,447790447099,131 Church Road,BS6 5AD,hash_101,,Amelia,White
102,Jack Roberts,community group,jack.roberts102@example.com,447778147397,69 High Street,BS6 5AE,hash_102,The Community Fridge,Jack,Roberts
103,Leo Brown,customer,leo.brown103@example.com,447775007200,89 Park Lane,BS6 5AF,hash_103,,Leo,Brown
104,Mia Davies,community group,mia.davies104@example.com,447742051937,147 Station Road,BS6 5AG,hash_104,FareShare South West,Mia,Davies
105,Leo White,customer,leo.white105@example.com,447799078806,167 Church Road,BS6 5AH,hash_105,,Leo,White
106,Lily Roberts,restaurant,lily.roberts106@example.com,447769096899,26 Victoria Street,BS6 5AJ,hash_106,Ocean Catch,Lily,Roberts
107,Jack Brown,customer,jack.brown107@example.com,447745570755,87 Victoria Street,BS6 5AL,hash_107,,Jack,Brown
108,Charlie White,community group,charlie.white108@example.com,447794127561,184 Station Road,BS6 5AN,hash_108,City Harvest Bristol,Charlie,White
109,William Taylor,community group,william.taylor109@example.com,447722130508,112 High Street,BS6 5AP,hash_109,Allotment Association,William,Taylor
110,George Turner,customer,george.turner110@example.com,447717532195,76 Park Lane,BS6 5AQ,hash_110,,George,Turner
111,Freya Harris,producer,freya.harris111@example.com,447734166826,44 Church Road,BS6 5AR,hash_111,Deep Earth Growers,Freya,Harris
112,William Thompson,community group,william.thompson112@example.com,447729208935,60 Station Road,BS6 5AS,hash_112,FoodCycle,William,Thompson
113,Emma Martin,community group,emma.martin113@example.com,447783363160,41 High Street,BS6 5AT,hash_113,Community Food Centre,Emma,Martin
114,Jack Evans,customer,jack.evans114@example.com,447750550084,51 Station Road,BS6 5AU,hash_114,,Jack,Evans
115,Lily Walker,producer,lily.walker115@example.com,447749625201,6 Station Road,BS6 5AW,hash_115,Happy Hens Poultry,Lily,Walker
116,James Thompson,restaurant,james.thompson116@example.com,447748412328,199 Church Road,BS6 5AX,hash_116,The Hungry Bear,James,Thompson
117,Ava Evans,producer,ava.evans117@example.com,447798473848,175 Church Road,BS6 5AY,hash_117,Spring Water Farm,Ava,Evans
118,Ella Patel,producer,ella.patel118@example.com,447727637794,24 Park Lane,BS6 5AZ,hash_118,Riverford Farm,Ella,Patel
119,Amelia Walker,producer,amelia.walker119@example.com,447746578001,43 Park Lane,BS7 0LL,hash_119,Starling Flock Poultry,Amelia,Walker
120,Oliver Martin,community group,oliver.martin120@example.com,447728892086,194 Church Road,BS7 8AA,hash_120,The Good Food Project,Oliver,Martin
121,Grace Turner,customer,grace.turner121@example.com,447726587799,117 Park Lane,BS7 8AB,hash_121,,Grace,Turner
122,Oliver Jones,customer,oliver.jones122@example.com,447793154172,144 Park Lane,BS7 8AD,hash_122,,Oliver,Jones
123,Ella Taylor,producer,ella.taylor123@example.com,447725659979,36 High Street,BS7 8AE,hash_123,Farmhouse Bakery,Ella,Taylor
124,Oliver Jones,restaurant,oliver.jones124@example.com,447728208520,100 Station Road,BS7 8AF,hash_124,The Deli,Oliver,Jones
125,Amelia Harris,producer,amelia.harris125@example.com,447775679047,158 Station Road,BS7 8AG,hash_125,Field to Fork Organics,Amelia,Harris
126,Ava Martin,customer,ava.martin126@example.com,447741690501,93 High Street,BS7 8AH,hash_126,,Ava,Martin
127,James White,customer,james.white127@example.com,447726395999,117 High Street,BS7 8AJ,hash_127,,James,White
128,Mia Jones,community group,mia.jones128@example.com,447785776373,53 High Street,BS7 8AL,hash_128,Bristol Food Bank,Mia,Jones
129,William Roberts,restaurant,william.roberts129@example.com,447789991301,1 Park Lane,BS7 8AN,hash_129,Taste of Bristol,William,Roberts
130,Noah Smith,producer,noah.smith130@example.com,447713460153,34 High Street,BS7 8AP,hash_130,Stone House Orchard,Noah,Smith
131,Emma Johnson,customer,emma.johnson131@example.com,447727013243,190 Station Road,BS7 8AQ,hash_131,,Emma,Johnson
132,Leo Martin,restaurant,leo.martin132@example.com,447778885632,152 High Street,BS7 8AR,hash_132,The Coffee Shop,Leo,Martin
133,James Taylor,customer,james.taylor133@example.com,447714180968,16 Station Road,BS7 8AS,hash_133,,James,Taylor
134,Leo Martin,customer,leo.martin134@example.com,447720843514,83 Victoria Street,BS7 8AT,hash_134,,Leo,Martin
135,Thomas Roberts,customer,thomas.roberts135@example.com,447790180577,136 Park Lane,BS7 8TL,hash_135,,Thomas,Roberts
136,Oliver Smith,restaurant,oliver.smith136@example.com,447797364555,197 Victoria Street,BS7 8AW,hash_136,The Daily Grind,Oliver,Smith
137,Jack Roberts,restaurant,jack.roberts137@example.com,447763516659,107 High Street,BS7 8AX,hash_137,The Cozy Corner,Jack,Roberts
138,Isla Walker,community group,isla.walker138@example.com,447773655158,18 High Street,BS7 8PE,hash_138,Love Bristol Food,Isla,Walker
139,Henry Brown,producer,henry.brown139@example.com,447788714010,144 Victoria Street,BS7 8JB,hash_139,Golden Wheat Farm,Henry,Brown
140,Jack Patel,community group,jack.patel140@example.com,447790585678,80 Park Lane,BS8 1TH,hash_140,Local Food Initiative,Jack,Patel
141,Leo Jones,restaurant,leo.jones141@example.com,447756991504,143 Park Lane,BS8 1TJ,hash_141,The Painted Plate,Leo,Jones
142,Jack Turner,producer,jack.turner142@example.com,447798292612,178 Park Lane,BS8 1TL,hash_142,Valley View Organics,Jack,Turner
143,George Roberts,customer,george.roberts143@example.com,447734347841,37 Victoria Street,BS8 1TN,hash_143,,George,Roberts
144,Emma Williams,restaurant,emma.williams144@example.com,447738874646,97 Station Road,BS8 1TP,hash_144,Spice Route,Emma,Williams
145,George Roberts,restaurant,george.roberts145@example.com,447786181117,153 High Street,BS8 1TQ,hash_145,The Juice Bar,George,Roberts
146,Thomas Patel,producer,thomas.patel146@example.com,447746521025,114 Station Road,BS8 1TR,hash_146,Wildflower Apiary,Thomas,Patel
147,Ava Smith,customer,ava.smith147@example.com,447724883373,73 Victoria Street,BS8 1TS,hash_147,,Ava,Smith
148,James Jones,customer,james.jones148@example.com,447790440034,15 High Street,BS8 1QU,hash_148,,James,Jones
149,Amelia Evans,customer,amelia.evans149@example.com,447726104026,2 Station Road,BS8 1TU,hash_149,,Amelia,Evans
150,Charlie Jones,producer,charlie.jones150@example.com,447799663907,91 High Street,BS8 1TW,hash_150,Local Bounty,Charlie,Jones
151,Ella Williams,restaurant,ella.williams151@example.com,447787277086,110 Victoria Street,BS8 1TX,hash_151,Ember Grill,Ella,Williams
152,Grace Turner,community group,grace.turner152@example.com,447733068427,159 Station Road,BS8 1TY,hash_152,Soup Kitchen,Grace,Turner
153,William Harris,producer,william.harris153@example.com,447780325062,21 Station Road,BS8 1TZ,hash_153,Green Acres,William,Harris
154,Noah Williams,producer,noah.williams154@example.com,447725304396,136 Victoria Street,BS8 3LS,hash_154,Vital Soil Farm,Noah,Williams
155,Amelia Jones,customer,amelia.jones155@example.com,447744355473,51 Church Road,BS8 1UB,hash_155,,Amelia,Jones
156,Sophie Johnson,community group,sophie.johnson156@example.com,447794281857,127 Station Road,BS8 1UD,hash_156,Community Kitchen,Sophie,Johnson
157,Thomas Roberts,restaurant,thomas.roberts157@example.com,447794183695,81 Church Road,BS8 3QD,hash_157,Bistro 42,Thomas,Roberts
158,George Evans,producer,george.evans158@example.com,447757236885,130 High Street,BS8 3RA,hash_158,Orchard Hill,George,Evans
159,James Walker,restaurant,james.walker159@example.com,447720298660,166 High Street,BS8 1UG,hash_159,Urban Bites,James,Walker
160,Lily Patel,customer,lily.patel160@example.com,447786726461,167 Church Road,BS9 3AA,hash_160,,Lily,Patel
161,James Martin,customer,james.martin161@example.com,447756095437,183 High Street,BS9 1FG,hash_161,,James,Martin
162,Ella Martin,producer,ella.martin162@example.com,447791846696,41 Park Lane,BS9 3AD,hash_162,Native Roots,Ella,Martin
163,Mia Patel,restaurant,mia.patel163@example.com,447796879854,86 High Street,BS9 3AE,hash_163,The Lounge,Mia,Patel
164,Grace Taylor,customer,grace.taylor164@example.com,447798122539,155 Church Road,BS9 3AF,hash_164,,Grace,Taylor
165,Amelia Walker,customer,amelia.walker165@example.com,447798054173,179 Station Road,BS9 3AG,hash_165,,Amelia,Walker
166,Grace Roberts,restaurant,grace.roberts166@example.com,447799941500,180 Victoria Street,BS9 3AH,hash_166,The Golden Stag,Grace,Roberts
167,Emma Walker,customer,emma.walker167@example.com,447738748452,88 Station Road,BS9 3AJ,hash_167,,Emma,Walker
168,Sophie Taylor,restaurant,sophie.taylor168@example.com,447723574883,130 Victoria Street,BS9 3AL,hash_168,The Tavern,Sophie,Taylor
169,Thomas Brown,producer,thomas.brown169@example.com,447730703455,42 Church Road,BS9 3AN,hash_169,Morning Dew Farm,Thomas,Brown
170,James Harris,customer,james.harris170@example.com,447741880763,114 Victoria Street,BS9 3AP,hash_170,,James,Harris
171,William Taylor,community group,william.taylor171@example.com,447772950208,50 Park Lane,BS9 3AQ,hash_171,Grace Food Bank,William,Taylor
172,George White,producer,george.white172@example.com,447766191704,42 Church Road,BS9 3AR,hash_172,Mossy Rock Farms,George,White
173,Leo Walker,producer,leo.walker173@example.com,447723769360,183 Victoria Street,BS9 3AS,hash_173,Maple View Dairy,Leo,Walker
174,Noah Evans,customer,noah.evans174@example.com,447778901038,38 Station Road,BS9 3AT,hash_174,,Noah,Evans
175,Emma Harris,customer,emma.harris175@example.com,447777378254,96 Church Road,BS9 3AU,hash_175,,Emma,Harris
176,Emma Roberts,community group,emma.roberts176@example.com,447797236246,86 Church Road,BS9 3AW,hash_176,Care & Share,Emma,Roberts
177,Amelia Thompson,customer,amelia.thompson177@example.com,447710704803,21 High Street,BS9 3AX,hash_177,,Amelia,Thompson
178,Thomas Harris,customer,thomas.harris178@example.com,447748668339,61 Park Lane,BS9 3AY,hash_178,,Thomas,Harris
179,Thomas Martin,customer,thomas.martin179@example.com,447777085942,153 Victoria Street,BS9 3AZ,hash_179,,Thomas,Martin
180,Amelia Taylor,customer,amelia.taylor180@example.com,447792518345,91 Church Road,BS10 5AA,hash_180,,Amelia,Taylor
181,Sophie Walker,customer,sophie.walker181@example.com,447780606503,140 Victoria Street,BS10 5AB,hash_181,,Sophie,Walker
182,Leo Patel,producer,leo.patel182@example.com,447760103798,65 High Street,BS10 5AD,hash_182,Cedar Grove Farm,Leo,Patel
183,Oliver Roberts,customer,oliver.roberts183@example.com,447757284777,140 Park Lane,BS10 5AE,hash_183,,Oliver,Roberts
184,Noah Brown,customer,noah.brown184@example.com,447771428713,10 Park Lane,BS10 5AF,hash_184,,Noah,Brown
185,James Roberts,community group,james.roberts185@example.com,447779173614,102 Victoria Street,BS10 5AG,hash_185,Unity Kitchen,James,Roberts
186,Ava Taylor,customer,ava.taylor186@example.com,447716416148,168 Park Lane,BS10 5AH,hash_186,,Ava,Taylor
187,Jack White,restaurant,jack.white187@example.com,447761894582,87 Church Road,BS10 5AJ,hash_187,Copper Kettle,Jack,White
188,Freya Evans,restaurant,freya.evans188@example.com,447766975380,21 Station Road,BS10 5AL,hash_188,The Cafe,Freya,Evans
189,Mia Smith,customer,mia.smith189@example.com,447798707076,76 Park Lane,BS10 5AN,hash_189,,Mia,Smith
190,Ella Walker,customer,ella.walker190@example.com,447757319709,158 Station Road,BS10 5AP,hash_190,,Ella,Walker
191,Grace Walker,producer,grace.walker191@example.com,447731473054,8 Church Road,BS10 5AQ,hash_191,Red Barn Meats,Grace,Walker
192,Sophie Jones,restaurant,sophie.jones192@example.com,447759167775,93 Station Road,BS10 5AR,hash_192,Blue Water Seafood,Sophie,Jones
193,Ella Walker,customer,ella.walker193@example.com,447720319387,147 Church Road,BS10 5AS,hash_193,,Ella,Walker
194,Isla Jones,community group,isla.jones194@example.com,447713478029,189 Church Road,BS10 5AT,hash_194,The Salvation Army,Isla,Jones
195,Oliver Evans,restaurant,oliver.evans195@example.com,447769897763,55 Victoria Street,BS10 5AU,hash_195,The Pub,Oliver,Evans
196,Amelia Williams,customer,amelia.williams196@example.com,447769741812,23 Park Lane,BS10 5AW,hash_196,,Amelia,Williams
197,George Taylor,restaurant,george.taylor197@example.com,447795590648,45 Park Lane,BS10 5AX,hash_197,The Sushi Spot,George,Taylor
198,Amelia Jones,restaurant,amelia.jones198@example.com,447713527782,93 Victoria Street,BS10 5AY,hash_198,The Smoothie Bar,Amelia,Jones
199,Charlie Brown,producer,charlie.brown199@example.com,447721571646,17 Park Lane,BS10 5AZ,hash_199,Rooted In Soil Farm,Charlie,Brown
200,Jack Williams,customer,jack.williams200@example.com,447752550733,165 High Street,BS10 7TP,hash_200,,Jack,Williams
